City_ID,City,Country,Date,Lat,Lng,Max Temp,Humidity,Cloudiness,Wind Speed
0,Anori,BR,2020-08-17 07:49:29,-3.77,-61.64,74.52,81,23,1.21
1,Teknaf,BD,2020-08-17 07:49:30,20.86,92.31,83.86,82,80,14.47
2,Cape Town,ZA,2020-08-17 07:42:14,-33.93,18.42,53.01,76,75,10.29
3,Sarangani,PH,2020-08-17 07:49:30,5.4,125.46,84.94,70,87,10.96
4,Arak,IR,2020-08-17 07:49:31,34.09,49.69,77.0,38,0,6.93
5,Vestmannaeyjar,IS,2020-08-17 07:49:31,63.44,-20.27,53.6,87,90,16.11
6,Hobart,AU,2020-08-17 07:42:49,-42.88,147.33,54.0,81,75,9.17
7,Kruisfontein,ZA,2020-08-17 07:44:19,-34.0,24.73,53.6,46,100,7.7
8,Rikitea,PF,2020-08-17 07:43:51,-23.12,-134.97,70.79,75,0,10.4
9,Bluff,NZ,2020-08-17 07:43:50,-46.6,168.33,41.0,89,37,1.01
10,Tuktoyaktuk,CA,2020-08-17 07:44:34,69.45,-133.04,46.87,94,100,6.67
11,Ushuaia,AR,2020-08-17 07:43:46,-54.8,-68.3,32.0,93,75,2.24
12,Lamar,US,2020-08-17 07:45:34,33.67,-95.58,70.0,94,75,8.05
13,Qaanaaq,GL,2020-08-17 07:44:03,77.48,-69.36,34.2,79,100,10.07
14,Basco,PH,2020-08-17 07:49:33,20.45,121.97,82.51,78,100,22.39
15,Vaini,TO,2020-08-17 07:43:52,-21.2,-175.2,69.8,73,75,8.05
16,Bonavista,CA,2020-08-17 07:49:33,48.65,-53.11,57.0,78,0,1.01
17,Kapaa,US,2020-08-17 07:44:02,22.08,-159.32,75.2,88,75,8.05
18,Hithadhoo,MV,2020-08-17 07:44:17,-0.6,73.08,84.4,66,75,4.61
19,Punta Arenas,CL,2020-08-17 07:41:54,-53.15,-70.92,33.8,100,87,25.28
20,East London,ZA,2020-08-17 07:44:17,-33.02,27.91,59.0,33,55,9.17
21,Amahai,ID,2020-08-17 07:49:35,-3.33,128.92,78.93,80,100,11.01
22,Pacific Grove,US,2020-08-17 07:47:20,36.62,-121.92,69.8,73,1,3.36
23,Kodiak,US,2020-08-17 07:41:05,57.79,-152.41,53.6,81,1,5.82
24,Atuona,PF,2020-08-17 07:43:45,-9.8,-139.03,77.99,76,10,17.27
25,Mataura,NZ,2020-08-17 07:41:48,-46.19,168.86,41.0,89,71,1.01
26,Severo-Kurilsk,RU,2020-08-17 07:43:50,50.68,156.12,51.08,90,100,3.8
27,Busselton,AU,2020-08-17 07:42:03,-33.65,115.33,57.99,64,96,18.14
28,Port Hardy,CA,2020-08-17 07:45:33,50.7,-127.42,57.2,93,5,3.78
29,Bredasdorp,ZA,2020-08-17 07:43:47,-34.53,20.04,50.0,71,100,8.05
30,Jawa,JO,2020-08-17 07:49:37,31.85,35.94,84.2,30,0,6.93
31,Ilulissat,GL,2020-08-17 07:45:21,69.22,-51.1,41.0,60,83,4.7
32,Kargil,IN,2020-08-17 07:49:37,34.57,76.1,76.57,18,0,3.33
33,Cabo San Lucas,MX,2020-08-17 07:43:00,22.89,-109.91,86.0,61,26,1.01
34,Chumikan,RU,2020-08-17 07:49:38,54.72,135.31,55.76,89,100,5.86
35,Sackville,CA,2020-08-17 07:49:38,45.92,-64.38,60.01,87,20,4.7
36,La Ronge,CA,2020-08-17 07:44:18,55.1,-105.28,59.0,77,75,8.05
37,Khatanga,RU,2020-08-17 07:45:38,71.97,102.5,71.06,54,98,4.29
38,Ayan,RU,2020-08-17 07:49:39,56.45,138.17,55.94,88,80,5.44
39,Buraydah,SA,2020-08-17 07:47:22,26.33,43.98,100.4,18,62,10.29
40,Mahebourg,MU,2020-08-17 07:44:06,-20.41,57.7,77.0,61,40,17.22
41,Hasaki,JP,2020-08-17 07:43:45,35.73,140.83,102.0,70,75,13.87
42,Rock Springs,US,2020-08-17 07:49:40,41.59,-109.2,64.4,13,1,4.7
43,Hilo,US,2020-08-17 07:43:54,19.73,-155.09,78.8,74,75,6.11
44,Nikolskoye,RU,2020-08-17 07:43:52,59.7,30.79,66.0,48,20,11.18
45,Yumen,CN,2020-08-17 07:49:41,40.28,97.2,86.27,13,4,20.49
46,Vila Velha,BR,2020-08-17 07:45:45,-20.33,-40.29,73.4,88,40,6.93
47,Avarua,CK,2020-08-17 07:39:27,-21.21,-159.78,68.0,72,63,2.24
48,Sungaipenuh,ID,2020-08-17 07:45:17,-2.08,101.38,71.33,90,94,2.71
49,Wilmington,US,2020-08-17 07:45:07,34.23,-77.94,73.99,88,90,8.05
50,Yar-Sale,RU,2020-08-17 07:44:09,66.83,70.83,53.11,77,100,4.72
51,Puerto Ayora,EC,2020-08-17 07:43:48,-0.74,-90.35,64.0,91,72,1.01
52,Emmett,US,2020-08-17 07:49:42,43.87,-116.5,75.99,41,100,4.27
53,Butaritari,KI,2020-08-17 07:44:00,3.07,172.79,81.77,58,0,1.34
54,Garoua,CM,2020-08-17 07:49:42,9.3,13.4,77.0,83,20,4.7
55,Merauke,ID,2020-08-17 07:45:13,-8.47,140.33,79.18,73,80,18.95
56,Mount Gambier,AU,2020-08-17 07:44:39,-37.83,140.77,51.8,87,90,11.41
57,Sioux Lookout,CA,2020-08-17 07:49:43,50.1,-91.92,53.6,87,20,3.36
58,Dongying,CN,2020-08-17 07:49:44,37.46,118.49,96.78,50,46,7.07
59,Katsuura,JP,2020-08-17 07:44:03,35.13,140.3,95.0,63,75,18.34
60,Thompson,CA,2020-08-17 07:43:59,55.74,-97.86,46.4,87,5,3.36
61,Port Hedland,AU,2020-08-17 07:44:48,-20.32,118.57,82.4,51,0,17.22
62,Albany,US,2020-08-17 07:43:49,42.6,-73.97,61.0,99,1,2.28
63,Port Lincoln,AU,2020-08-17 07:43:50,-34.73,135.87,57.49,72,0,13.78
64,Chulym,RU,2020-08-17 07:49:45,55.1,80.96,73.51,60,100,10.27
65,Saskylakh,RU,2020-08-17 07:44:10,71.92,114.08,67.84,31,100,3.83
66,Biak,ID,2020-08-17 07:49:45,-0.91,122.88,80.38,68,57,11.97
67,Longyearbyen,SJ,2020-08-17 07:42:15,78.22,15.64,46.4,70,20,3.36
68,Brae,GB,2020-08-17 07:49:45,60.4,-1.35,55.4,93,75,11.41
69,Dikson,RU,2020-08-17 07:44:11,73.51,80.55,47.79,98,98,1.03
70,Luderitz,NA,2020-08-17 07:44:18,-26.65,15.16,57.11,59,0,23.31
71,Constantine,DZ,2020-08-17 07:49:46,36.37,6.61,77.0,44,4,2.24
72,Saint George,US,2020-08-17 07:45:58,37.1,-113.58,96.8,13,1,10.29
73,Yellowknife,CA,2020-08-17 07:44:12,62.46,-114.35,55.4,82,75,5.82
74,Muravlenko,RU,2020-08-17 07:49:47,63.79,74.52,59.77,68,70,4.23
75,Pochutla,MX,2020-08-17 07:44:37,15.74,-96.47,79.0,85,100,1.9
76,Ivdel,RU,2020-08-17 07:49:47,60.69,60.42,51.35,96,100,7.65
77,Cleethorpes,GB,2020-08-17 07:49:47,53.56,-0.03,62.6,100,100,5.82
78,Cherskiy,RU,2020-08-17 07:42:11,68.75,161.3,44.55,74,100,12.1
79,Merano,IT,2020-08-17 07:49:48,46.67,11.16,66.2,88,40,3.36
80,Cidreira,BR,2020-08-17 07:44:01,-30.18,-50.21,52.14,84,20,2.77
81,Bambous Virieux,MU,2020-08-17 07:49:48,-20.34,57.76,77.0,61,40,17.22
82,Chokurdakh,RU,2020-08-17 07:41:02,70.63,147.92,41.63,86,100,10.94
83,Springbok,ZA,2020-08-17 07:49:49,-29.66,17.89,50.18,42,31,2.82
84,Karratha,AU,2020-08-17 07:44:30,-20.74,116.85,81.27,22,4,14.03
85,Ancud,CL,2020-08-17 07:43:53,-41.87,-73.82,44.01,100,90,6.93
86,Sola,VU,2020-08-17 07:49:50,-13.88,167.55,79.2,81,90,14.45
87,Georgetown,MY,2020-08-17 07:44:07,5.41,100.34,89.6,55,20,6.93
88,Santa Maria,BR,2020-08-17 07:49:50,-29.68,-53.81,43.47,73,0,2.95
89,Carnarvon,AU,2020-08-17 07:44:17,-24.87,113.63,66.2,55,1,12.75
90,Pljevlja,ME,2020-08-17 07:49:51,43.33,19.33,68.0,88,2,3.36
91,Tabas,IR,2020-08-17 07:49:51,33.6,56.92,102.2,17,0,2.24
92,Airai,TL,2020-08-17 07:44:19,-8.93,125.41,71.13,55,54,3.89
93,Kavaratti,IN,2020-08-17 07:43:58,10.57,72.64,86.0,70,20,6.93
94,Sao Filipe,CV,2020-08-17 07:44:04,14.9,-24.5,78.75,84,70,9.35
95,Muros,ES,2020-08-17 07:43:49,42.78,-9.06,68.0,91,100,10.0
96,Port Alfred,ZA,2020-08-17 07:42:00,-33.59,26.89,57.52,44,100,12.46
97,Hermanus,ZA,2020-08-17 07:43:52,-34.42,19.23,55.0,66,97,1.01
98,Pak Phanang,TH,2020-08-17 07:49:53,8.35,100.2,95.0,53,20,5.82
99,Saint-Philippe,RE,2020-08-17 07:44:53,-21.36,55.77,78.8,53,30,6.93
100,Saldanha,ZA,2020-08-17 07:44:34,-33.01,17.94,42.8,93,99,3.36
101,Half Moon Bay,US,2020-08-17 07:45:23,37.46,-122.43,75.0,93,90,4.7
102,Souillac,MU,2020-08-17 07:43:20,-20.52,57.52,77.0,61,40,17.22
103,Kununurra,AU,2020-08-17 07:44:29,-15.77,128.73,96.8,19,0,4.7
104,Wexford,IE,2020-08-17 07:49:54,52.33,-6.46,62.01,95,100,2.91
105,Llanes,ES,2020-08-17 07:49:54,43.42,-4.75,70.0,75,95,4.18
106,Olafsvik,IS,2020-08-17 07:45:22,64.89,-23.71,54.91,87,100,5.06
107,Bundaberg,AU,2020-08-17 07:44:04,-24.85,152.35,68.0,45,0,9.17
108,Ponta Do Sol,PT,2020-08-17 07:44:56,32.67,-17.1,73.4,73,20,12.75
109,Barrow,US,2020-08-17 07:43:46,71.29,-156.79,41.0,86,90,16.11
110,Kahului,US,2020-08-17 07:44:41,20.89,-156.47,78.8,69,40,10.29
111,Qasigiannguit,GL,2020-08-17 07:49:55,68.82,-51.19,41.0,60,99,4.7
112,Dingle,PH,2020-08-17 07:44:44,11.0,122.67,84.52,80,100,4.83
113,Poum,NC,2020-08-17 07:44:47,-20.23,164.02,73.44,89,91,8.03
114,Naze,JP,2020-08-17 07:44:06,28.37,129.48,89.6,70,20,9.17
115,Ribeira Grande,PT,2020-08-17 07:44:02,38.52,-28.7,75.2,88,75,26.4
116,Staraya Russa,RU,2020-08-17 07:49:56,57.99,31.36,69.42,58,0,4.61
117,Mar Del Plata,AR,2020-08-17 07:44:08,-38.0,-57.56,42.01,70,0,3.36
118,Jamestown,US,2020-08-17 07:44:12,42.1,-79.24,63.0,100,90,5.82
119,Arraial Do Cabo,BR,2020-08-17 07:39:53,-22.97,-42.03,70.99,92,55,15.17
120,Cobija,BO,2020-08-17 07:49:57,-11.03,-68.77,74.8,64,0,2.55
121,Axim,GH,2020-08-17 07:45:50,4.87,-2.24,75.02,80,97,8.39
122,Upernavik,GL,2020-08-17 07:44:31,72.79,-56.15,41.14,65,98,6.26
123,Hovd,MN,2020-08-17 07:49:58,48.01,91.64,69.62,40,0,6.51
124,San Quintin,MX,2020-08-17 07:49:58,30.48,-115.95,72.79,73,0,2.53
125,Hirtshals,DK,2020-08-17 07:49:58,57.59,9.96,69.8,83,100,2.24
126,Lebu,CL,2020-08-17 07:44:17,-37.62,-73.65,44.78,84,0,7.38
127,Port Blair,IN,2020-08-17 07:45:43,11.67,92.75,85.84,70,7,14.99
128,Moron,AR,2020-08-17 07:45:49,-34.65,-58.62,46.0,74,0,2.24
129,Camacha,PT,2020-08-17 07:49:59,33.08,-16.33,73.4,78,40,5.82
130,Castro,BR,2020-08-17 07:44:03,-24.79,-50.01,59.32,96,100,2.82
131,Ostrovnoy,RU,2020-08-17 07:44:55,68.05,39.51,47.35,75,100,15.03
132,Progreso,MX,2020-08-17 07:50:00,21.28,-89.67,78.01,84,100,4.65
133,Dunedin,NZ,2020-08-17 07:44:44,-45.87,170.5,45.0,82,68,9.66
134,Novikovo,RU,2020-08-17 07:45:44,51.15,37.89,75.29,56,0,11.16
135,Clyde River,CA,2020-08-17 07:44:16,70.47,-68.59,41.0,100,90,12.75
136,Tual,ID,2020-08-17 07:44:25,-5.67,132.75,78.87,81,2,15.48
137,Vardo,NO,2020-08-17 07:44:52,70.37,31.11,48.2,81,75,21.92
138,New Norfolk,AU,2020-08-17 07:42:02,-42.78,147.06,54.0,87,28,1.12
139,Buzovna,AZ,2020-08-17 07:50:02,40.52,50.11,75.2,60,40,6.93
140,Kavieng,PG,2020-08-17 07:44:51,-2.57,150.8,83.08,74,9,8.37
141,Lompoc,US,2020-08-17 07:44:26,34.64,-120.46,63.0,93,1,5.39
142,Chicama,PE,2020-08-17 07:45:02,-7.84,-79.15,58.57,86,62,4.03
143,Salalah,OM,2020-08-17 07:45:27,17.02,54.09,77.0,100,90,4.7
144,Mocuba,MZ,2020-08-17 07:44:49,-16.84,36.99,84.85,44,0,5.61
145,Surt,LY,2020-08-17 07:50:03,31.21,16.59,84.34,65,0,4.03
146,Lorengau,PG,2020-08-17 07:50:04,-2.02,147.27,82.47,79,7,10.38
147,Oranjestad,AW,2020-08-17 07:48:15,12.52,-70.03,82.51,82,100,16.2
148,Iralaya,HN,2020-08-17 07:50:05,15.0,-83.23,78.85,87,100,3.36
149,Caravelas,BR,2020-08-17 07:44:32,-17.71,-39.25,73.76,85,90,7.74
150,Labuhan,ID,2020-08-17 07:43:48,-6.88,112.21,86.72,61,6,12.77
151,Fortuna,US,2020-08-17 07:44:15,40.6,-124.16,60.01,92,100,2.75
152,Tamandare,BR,2020-08-17 07:47:08,-8.76,-35.1,73.35,84,3,9.95
153,Bandarbeyla,SO,2020-08-17 07:50:06,9.49,50.81,88.25,47,47,27.07
154,Pangkalanbuun,ID,2020-08-17 07:50:06,-2.68,111.62,83.84,84,100,1.57
155,Chuy,UY,2020-08-17 07:43:49,-33.7,-53.46,45.84,75,0,9.78
156,Padang,ID,2020-08-17 07:41:03,-0.95,100.35,81.09,78,64,7.67
157,Wahiawa,US,2020-08-17 07:50:06,21.5,-158.02,80.6,73,1,3.36
158,Oruro,BO,2020-08-17 07:50:07,-17.98,-67.15,34.05,70,6,4.92
159,Bulungu,CD,2020-08-17 07:50:07,-4.55,18.6,85.73,50,100,5.97
160,Marzuq,YE,2020-08-17 07:50:07,14.4,46.47,94.24,20,0,2.42
161,Guerrero Negro,MX,2020-08-17 07:45:24,27.98,-114.06,73.67,77,0,14.52
162,Yaan,NG,2020-08-17 07:50:08,7.38,8.57,78.01,84,82,6.58
163,Cap Malheureux,MU,2020-08-17 07:50:08,-19.98,57.61,77.0,63,20,11.99
164,Zhigansk,RU,2020-08-17 07:45:39,66.77,123.37,59.7,37,0,9.13
165,Iraquara,BR,2020-08-17 07:50:08,-12.25,-41.62,65.46,85,100,7.47
166,Rundu,NA,2020-08-17 07:50:09,-17.93,19.77,77.18,17,0,8.25
167,Lazaro Cardenas,MX,2020-08-17 07:50:09,17.96,-102.2,78.98,86,65,3.15
168,Geraldton,AU,2020-08-17 07:44:00,-28.77,114.6,64.4,63,40,17.22
169,Kamenka,RU,2020-08-17 07:45:00,51.32,42.77,73.99,58,2,4.0
170,Constitucion,CL,2020-08-17 07:44:43,-35.33,-72.42,44.67,78,0,6.24
171,Tandalti,SD,2020-08-17 07:50:10,13.02,31.87,81.95,64,96,4.34
172,San Ramon,US,2020-08-17 07:48:37,37.78,-121.98,81.0,54,1,5.82
173,Pisco,PE,2020-08-17 07:43:52,-13.7,-76.22,55.99,87,75,1.12
174,Iqaluit,CA,2020-08-17 07:45:05,63.75,-68.51,41.0,100,75,3.36
175,Kaitangata,NZ,2020-08-17 07:41:55,-46.28,169.85,41.43,92,5,5.08
176,Provideniya,RU,2020-08-17 07:44:12,64.38,-173.3,52.77,65,100,5.64
177,Playa Del Carmen,MX,2020-08-17 07:45:11,20.63,-87.08,75.2,100,40,2.24
178,Sokoto,NG,2020-08-17 07:50:11,13.06,5.24,81.32,70,95,12.06
179,Svetlyy,RU,2020-08-17 07:50:11,54.67,20.13,77.0,57,0,6.71
180,Berlevag,NO,2020-08-17 07:43:51,70.86,29.09,48.2,76,75,25.28
181,Auki,SB,2020-08-17 07:50:12,-8.77,160.7,79.83,80,70,1.99
182,Binzhou,CN,2020-08-17 07:50:12,37.37,118.02,100.99,51,29,1.01
183,Isangel,VU,2020-08-17 07:44:21,-19.55,169.27,73.92,79,81,13.49
184,Pangai,TO,2020-08-17 07:50:13,-19.8,-174.35,72.19,75,99,22.03
185,Rosa Zarate,EC,2020-08-17 07:50:13,0.33,-79.47,71.69,93,100,1.45
186,Murgab,TM,2020-08-17 07:50:13,37.5,61.97,87.8,22,1,11.41
187,Saint Anthony,US,2020-08-17 07:40:56,45.02,-93.22,70.0,83,90,3.36
188,Nuuk,GL,2020-08-17 07:50:14,64.18,-51.72,46.4,65,5,5.82
189,Mitsamiouli,KM,2020-08-17 07:50:14,-11.38,43.28,80.6,74,20,6.93
190,Victoria,HK,2020-08-17 07:42:48,22.29,114.16,86.0,70,20,10.29
191,Garcia,MX,2020-08-17 07:50:14,25.82,-100.58,73.99,84,0,1.01
192,Peoria,US,2020-08-17 07:46:00,40.77,-89.77,69.8,77,1,3.36
193,Anloga,GH,2020-08-17 07:50:15,5.79,0.9,75.2,88,40,10.29
194,Bengkulu,ID,2020-08-17 07:44:36,-3.8,102.27,81.55,85,100,10.98
195,Nortelandia,BR,2020-08-17 07:50:15,-14.45,-56.8,70.59,44,0,2.08
196,Hambantota,LK,2020-08-17 07:44:04,6.12,81.12,93.2,59,20,10.29
197,Port Elizabeth,ZA,2020-08-17 07:43:55,-33.92,25.57,50.0,66,99,5.82
198,Marathon,US,2020-08-17 07:44:20,44.9,-89.77,60.8,82,1,5.82
199,Saryozek,KZ,2020-08-17 07:50:16,44.36,77.98,90.55,17,21,5.73
200,Sao Joao Da Barra,BR,2020-08-17 07:50:16,-21.64,-41.05,72.46,89,76,7.92
201,Nanortalik,GL,2020-08-17 07:44:00,60.14,-45.24,42.69,76,11,2.59
202,Sur,OM,2020-08-17 07:50:17,22.57,59.53,95.81,45,56,9.17
203,Chissamba,AO,2020-08-17 07:50:17,-12.17,17.33,64.4,31,0,4.23
204,Banda Aceh,ID,2020-08-17 07:50:17,5.56,95.32,86.09,68,0,14.5
205,Marawi,PH,2020-08-17 07:44:33,8.0,124.29,84.0,78,100,5.99
206,Esperance,AU,2020-08-17 07:42:04,-33.87,121.9,59.0,58,75,21.92
207,Broken Hill,AU,2020-08-17 07:50:18,-31.95,141.43,64.4,36,98,17.22
208,Tamiahua,MX,2020-08-17 07:50:18,21.27,-97.45,76.5,86,18,5.73
209,Cockburn Town,TC,2020-08-17 07:50:18,21.46,-71.14,82.87,82,41,13.62
210,Krasnovishersk,RU,2020-08-17 07:50:19,60.41,57.08,50.67,96,100,5.77
211,Hami,CN,2020-08-17 07:47:58,42.8,93.45,92.12,10,0,13.98
212,Ambilobe,MG,2020-08-17 07:50:20,-13.2,49.05,89.82,37,8,10.67
213,Havelock,US,2020-08-17 07:48:32,34.88,-76.9,73.4,94,90,8.05
214,Asyut,EG,2020-08-17 07:46:33,27.18,31.18,87.8,35,0,9.17
215,Hirara,JP,2020-08-17 07:50:20,24.8,125.28,82.4,94,75,8.05
216,San Cristobal,VE,2020-08-17 07:45:03,7.77,-72.22,65.32,91,100,1.88
217,Ibimirim,BR,2020-08-17 07:50:21,-8.54,-37.69,63.43,92,9,6.8
218,Iracoubo,GF,2020-08-17 07:50:21,5.48,-53.2,77.27,85,100,6.6
219,Mnogovershinnyy,RU,2020-08-17 07:50:21,53.94,139.92,52.34,97,100,2.33
220,Champerico,GT,2020-08-17 07:50:22,14.3,-91.92,79.38,81,99,4.63
221,Prince Rupert,CA,2020-08-17 07:50:22,54.32,-130.32,57.2,100,90,3.36
222,Kloulklubed,PW,2020-08-17 07:45:18,7.04,134.26,80.6,88,90,8.05
223,Puerto Escondido,MX,2020-08-17 07:45:02,15.85,-97.07,80.49,77,81,6.85
224,Tautira,PF,2020-08-17 07:44:36,-17.73,-149.15,75.2,73,20,2.24
225,Kuala Kangsar,MY,2020-08-17 07:50:23,4.77,100.93,89.6,62,40,4.7
226,Elko,US,2020-08-17 07:50:23,41.0,-115.5,82.4,24,1,11.41
227,Fairbanks,US,2020-08-17 07:40:02,64.84,-147.72,59.0,58,1,9.17
228,Varhaug,NO,2020-08-17 07:50:24,58.61,5.65,69.01,82,54,2.24
229,Soyo,AO,2020-08-17 07:50:24,-6.13,12.37,75.2,83,75,3.36
230,San Patricio,MX,2020-08-17 07:45:22,19.22,-104.7,77.79,87,100,5.08
231,Mineros,BO,2020-08-17 07:50:24,-17.12,-63.23,64.4,77,75,4.7
232,Saint-Leu,RE,2020-08-17 07:50:25,-21.15,55.28,78.8,53,8,6.93
233,Port Macquarie,AU,2020-08-17 07:42:37,-31.43,152.92,66.99,50,0,3.0
234,Amga,RU,2020-08-17 07:50:26,60.9,131.96,58.24,57,100,1.61
235,Rochester,US,2020-08-17 07:47:14,43.15,-77.62,66.0,100,75,6.93
236,Ust-Kuyga,RU,2020-08-17 07:50:26,70.02,135.6,51.87,57,88,2.08
237,Kharp,RU,2020-08-17 07:50:26,66.8,65.81,55.13,56,91,7.85
238,Yaroslavskaya,RU,2020-08-17 07:46:05,44.61,40.46,78.69,23,0,8.55
239,Balclutha,NZ,2020-08-17 07:50:27,-46.23,169.75,48.0,76,8,8.01
240,Kenai,US,2020-08-17 07:50:27,60.55,-151.26,57.99,71,1,10.29
241,Namatanai,PG,2020-08-17 07:44:16,-3.67,152.43,80.55,80,15,8.99
242,Ilebo,CD,2020-08-17 07:50:27,-4.32,20.58,87.26,53,100,5.57
243,Shirokiy,RU,2020-08-17 07:50:28,49.76,129.52,69.69,75,100,4.56
244,Turkan,AZ,2020-08-17 07:50:28,40.36,50.22,73.4,60,40,9.17
245,Shelburne,CA,2020-08-17 07:50:28,44.08,-80.2,55.99,93,1,6.71
246,Flin Flon,CA,2020-08-17 07:50:28,54.77,-101.86,49.98,82,22,4.12
247,Hammerfest,NO,2020-08-17 07:50:29,70.66,23.68,46.4,81,75,28.86
248,Leningradskiy,RU,2020-08-17 07:45:00,69.38,178.42,43.7,94,100,2.06
249,Setermoen,NO,2020-08-17 07:50:29,68.86,18.35,48.2,81,75,11.41
250,Liverpool,GB,2020-08-17 07:48:59,53.41,-2.98,61.0,93,90,6.93
251,Boende,CD,2020-08-17 07:50:30,-0.22,20.87,80.87,76,93,4.07
252,Port-Cartier,CA,2020-08-17 07:50:30,50.03,-66.87,53.01,93,5,4.7
253,Tiksi,RU,2020-08-17 07:43:56,71.69,128.87,50.38,61,92,7.18
254,Payo,ID,2020-08-17 07:50:30,-3.75,103.64,92.17,45,87,3.71
255,Kutum,SD,2020-08-17 07:50:30,14.2,24.67,73.65,68,93,2.62
256,Rouvroy,FR,2020-08-17 07:50:31,50.39,2.9,72.0,77,86,5.82
257,Kisesa,TZ,2020-08-17 07:50:31,-3.08,34.15,81.16,34,45,8.72
258,Merrill,US,2020-08-17 07:50:31,45.18,-89.68,60.8,93,1,5.28
259,Merritt,CA,2020-08-17 07:50:31,50.11,-120.79,86.0,30,40,14.99
260,Miura,JP,2020-08-17 07:49:49,35.14,139.62,87.01,87,56,12.21
261,Amalapuram,IN,2020-08-17 07:50:32,16.58,82.02,84.2,79,75,11.41
262,Bay Roberts,CA,2020-08-17 07:50:32,47.6,-53.26,55.0,1,0,7.25
263,Tunoshna,RU,2020-08-17 07:50:33,57.55,40.13,62.6,63,40,6.71
264,Ndele,CF,2020-08-17 07:50:33,8.41,20.65,78.37,82,17,3.33
265,Sinnamary,GF,2020-08-17 07:44:38,5.38,-52.95,77.38,85,100,6.93
266,Kaeo,NZ,2020-08-17 07:45:21,-35.1,173.78,57.0,3,90,5.01
267,Kachiry,KZ,2020-08-17 07:50:33,53.07,76.1,77.38,39,88,14.61
268,Fare,PF,2020-08-17 07:44:30,-16.7,-151.02,78.51,73,26,11.54
269,Srednekolymsk,RU,2020-08-17 07:44:29,67.45,153.68,48.31,63,83,10.2
270,Rawson,AR,2020-08-17 07:50:34,-43.3,-65.1,42.08,63,0,18.3
271,Boshnyakovo,RU,2020-08-17 07:50:34,49.63,142.17,56.84,96,100,5.32
272,Dillon,US,2020-08-17 07:50:35,34.42,-79.37,68.0,100,1,4.65
273,Thinadhoo,MV,2020-08-17 07:50:35,0.53,72.93,83.93,67,100,3.58
274,Nouakchott,MR,2020-08-17 07:48:09,18.09,-15.98,82.4,83,40,17.22
275,Narsaq,GL,2020-08-17 07:44:30,60.92,-46.05,44.6,65,27,4.7
276,Nicoya,CR,2020-08-17 07:50:36,10.15,-85.45,74.3,90,97,1.36
277,Tikapur,NP,2020-08-17 07:50:36,28.5,81.13,94.12,55,11,3.51
278,North Bend,US,2020-08-17 07:50:36,43.41,-124.22,61.0,93,90,5.82
279,Asau,RO,2020-08-17 07:44:34,46.43,26.4,75.99,66,0,4.5
280,Choix,MX,2020-08-17 07:50:37,26.71,-108.32,79.72,78,0,3.29
281,Durban,ZA,2020-08-17 07:50:37,-29.86,31.03,64.4,48,20,4.7
282,Petropavlovsk-Kamchatskiy,RU,2020-08-17 07:45:35,53.05,158.65,62.6,77,40,11.18
283,Tucupita,VE,2020-08-17 07:50:37,9.06,-62.05,73.78,98,54,1.21
284,Wajima,JP,2020-08-17 07:50:38,37.4,136.9,80.6,83,75,9.17
285,Port-Gentil,GA,2020-08-17 07:50:38,-0.72,8.78,77.0,88,75,14.14
286,Torbay,CA,2020-08-17 07:43:51,47.67,-52.73,57.99,76,5,13.87
287,Yershov,RU,2020-08-17 07:50:38,51.35,48.28,68.14,53,51,17.43
288,Puri,IN,2020-08-17 07:47:18,19.8,85.85,89.6,79,75,9.17
289,Kysyl-Syr,RU,2020-08-17 07:50:39,63.9,122.76,63.1,35,0,6.13
290,Booue,GA,2020-08-17 07:50:39,-0.09,11.94,80.53,68,100,3.8
291,Broome,US,2020-08-17 07:45:10,42.25,-75.83,60.8,87,90,3.36
292,Tabursuq,TN,2020-08-17 07:50:39,36.46,9.25,80.6,65,20,4.45
293,Ibirama,BR,2020-08-17 07:49:14,-27.06,-49.52,61.0,70,94,1.19
294,Katobu,ID,2020-08-17 07:50:40,-4.94,122.53,84.56,54,0,8.46
295,Lagoa,PT,2020-08-17 07:50:40,39.05,-27.98,74.08,87,100,32.55
296,Niksar,TR,2020-08-17 07:50:40,40.59,36.95,68.0,60,40,3.36
297,Manzanillo,CU,2020-08-17 07:50:41,20.34,-77.12,76.71,91,97,3.42
298,Ouadda,CF,2020-08-17 07:50:41,8.08,22.4,73.33,92,100,4.23
299,Quelimane,MZ,2020-08-17 07:50:41,-17.88,36.89,82.54,54,11,7.09
300,Dawei,MM,2020-08-17 07:50:41,14.08,98.2,84.07,74,100,7.56
301,Panzhihua,CN,2020-08-17 07:50:41,26.59,101.71,71.46,84,100,2.1
302,Opuwo,NA,2020-08-17 07:45:02,-18.06,13.84,74.62,20,0,3.65
303,Gamba,GA,2020-08-17 07:44:28,-2.65,10.0,74.32,85,95,8.95
304,Acajutla,SV,2020-08-17 07:44:47,13.59,-89.83,77.36,82,100,5.7
305,Whitehorse,CA,2020-08-17 07:50:42,60.72,-135.05,51.8,87,90,3.36
306,De Panne,BE,2020-08-17 07:50:42,51.08,2.59,64.99,100,75,4.7
307,Tasiilaq,GL,2020-08-17 07:44:05,65.61,-37.64,48.2,87,100,4.7
308,Kibala,TD,2020-08-17 07:50:43,9.11,18.35,77.0,88,20,4.7
309,Barpali,IN,2020-08-17 07:50:43,21.2,83.58,84.24,80,93,9.33
310,Magadi,IN,2020-08-17 07:50:43,12.97,77.23,81.0,74,75,10.29
311,Balikpapan,ID,2020-08-17 07:50:43,-1.27,116.83,84.2,83,20,4.7
312,Celestun,MX,2020-08-17 07:44:57,20.87,-90.4,78.8,84,33,7.76
313,Leh,IN,2020-08-17 07:48:07,34.17,77.58,77.11,17,0,6.15
314,Bilibino,RU,2020-08-17 07:50:44,68.05,166.44,41.58,68,8,9.01
315,Mangrol,IN,2020-08-17 07:50:44,21.12,70.12,84.02,81,83,21.34
316,Gairo,IT,2020-08-17 07:50:44,39.85,9.5,86.0,65,5,2.24
317,Arlit,NE,2020-08-17 07:44:30,18.74,7.39,94.08,14,29,7.85
318,Mehamn,NO,2020-08-17 07:50:45,71.04,27.85,48.2,76,75,25.28
319,Rivers,CA,2020-08-17 07:50:45,50.03,-100.24,51.8,93,5,3.36
320,Berdigestyakh,RU,2020-08-17 07:45:49,62.1,126.7,54.73,74,100,7.2
321,Tombouctou,ML,2020-08-17 07:44:52,20.0,-3.0,96.73,29,0,12.46
322,Koslan,RU,2020-08-17 07:50:46,63.46,48.9,51.08,71,100,9.37
323,Huilong,CN,2020-08-17 07:50:46,31.81,121.66,96.01,57,0,7.0
324,Ingham,US,2020-08-17 07:50:46,42.6,-84.38,61.0,93,1,6.26
325,Pyshma,RU,2020-08-17 07:50:46,56.95,63.25,57.4,91,97,6.76
326,Vuktyl,RU,2020-08-17 07:50:47,63.86,57.31,57.4,59,100,11.32
327,Husavik,IS,2020-08-17 07:44:27,66.04,-17.34,46.4,93,70,1.77
328,San Andres,CO,2020-08-17 07:50:47,12.58,-81.7,80.6,88,40,9.17
329,Santa Barbara,US,2020-08-17 07:47:28,34.42,-119.7,73.99,88,1,1.23
330,Linares,CL,2020-08-17 07:50:48,-35.85,-71.6,35.78,92,0,3.22
331,Bonthe,SL,2020-08-17 07:50:48,7.53,-12.51,75.24,83,100,7.09
332,Yigou,CN,2020-08-17 07:50:48,35.81,114.32,89.01,53,12,11.21
333,Qandala,SO,2020-08-17 07:50:49,11.47,49.87,93.9,41,54,8.1
334,Rasht,IR,2020-08-17 07:50:49,37.28,49.58,73.4,88,90,6.93
335,Evensk,RU,2020-08-17 07:45:26,61.95,159.23,60.21,55,100,7.14
336,Gijon,ES,2020-08-17 07:50:49,43.54,-5.66,66.99,75,100,2.75
337,Boras,SE,2020-08-17 07:50:49,57.72,12.94,82.99,60,100,4.7
338,Praya,CV,2020-08-17 07:50:50,14.92,-23.51,78.8,78,20,14.99
339,Pelotas,BR,2020-08-17 07:50:50,-31.77,-52.34,43.25,64,0,3.51
340,Sayyan,YE,2020-08-17 07:50:50,15.17,44.32,75.72,27,0,3.27
341,Ust-Omchug,RU,2020-08-17 07:50:50,61.15,149.63,47.35,87,100,2.86
342,Yulara,AU,2020-08-17 07:44:56,-25.24,130.99,82.4,26,84,18.34
343,Henties Bay,NA,2020-08-17 07:45:12,-22.12,14.28,53.01,86,6,9.15
344,Rock Sound,BS,2020-08-17 07:50:51,24.9,-76.2,83.34,78,5,11.23
345,Lavrentiya,RU,2020-08-17 07:50:51,65.58,-171.0,47.48,86,100,5.77
346,Waipawa,NZ,2020-08-17 07:50:51,-41.41,175.52,46.4,75,2,2.24
347,Pevek,RU,2020-08-17 07:44:35,69.7,170.31,37.24,97,100,14.0
348,Jasper,US,2020-08-17 07:50:52,37.2,-94.35,66.99,93,1,3.36
349,Saint-Louis,SN,2020-08-17 07:50:52,16.33,-15.0,84.2,79,100,2.24
350,Walvis Bay,NA,2020-08-17 07:50:53,-22.96,14.51,53.01,93,90,8.05
351,Kulhudhuffushi,MV,2020-08-17 07:50:53,6.62,73.07,82.81,76,100,9.82
352,Portoferraio,IT,2020-08-17 07:50:53,42.81,10.31,73.4,88,40,9.17
353,Seoul,KR,2020-08-17 07:47:12,37.57,126.98,91.4,52,1,4.7
354,Melendugno,IT,2020-08-17 07:50:54,40.27,18.34,84.2,66,40,9.17
355,Buchanan,LR,2020-08-17 07:44:40,5.88,-10.05,75.2,88,75,5.23
356,Gizo,SB,2020-08-17 07:50:54,-8.1,156.84,80.53,83,83,13.0
357,Lasa,IT,2020-08-17 07:44:18,46.62,10.7,55.4,93,75,4.7
358,Killarney,IE,2020-08-17 07:46:51,52.05,-9.52,60.8,100,90,1.12
359,Harrisonburg,US,2020-08-17 07:48:08,38.45,-78.87,61.0,100,75,3.18
360,Colares,PT,2020-08-17 07:48:47,38.8,-9.45,69.8,88,40,4.7
361,Aklavik,CA,2020-08-17 07:43:47,68.22,-135.01,50.0,93,90,3.36
362,Magdagachi,RU,2020-08-17 07:49:56,53.45,125.8,52.5,98,100,5.28
363,Olindina,BR,2020-08-17 07:50:56,-11.37,-38.33,66.13,95,54,4.05
364,Flinders,AU,2020-08-17 07:45:01,-34.58,150.86,62.01,52,0,7.0
365,Unai,BR,2020-08-17 07:50:56,-16.36,-46.91,66.65,53,8,0.25
366,Kapit,MY,2020-08-17 07:50:56,2.02,112.93,92.03,47,6,3.78
367,Bethel,US,2020-08-17 07:44:13,41.37,-73.41,61.0,93,1,4.0
368,Coquimbo,CL,2020-08-17 07:42:02,-29.95,-71.34,46.4,93,0,3.36
369,Bathsheba,BB,2020-08-17 07:44:25,13.22,-59.52,80.6,83,75,17.22
370,Maarianhamina,AX,2020-08-17 07:50:57,60.1,19.93,68.0,52,40,6.93
371,Jacksonville Beach,US,2020-08-17 07:50:57,30.29,-81.39,80.6,78,1,4.7
372,Nouadhibou,MR,2020-08-17 07:50:58,20.93,-17.03,73.4,73,3,20.8
373,Casas Grandes,MX,2020-08-17 07:50:58,30.37,-107.95,73.0,44,12,1.99
374,Rassvet,RU,2020-08-17 07:50:58,46.83,40.75,77.77,34,0,7.87
375,Baiyin,CN,2020-08-17 07:50:58,36.56,104.21,64.99,67,40,8.95
376,Levin,NZ,2020-08-17 07:50:58,-40.63,175.28,44.01,86,0,1.99
377,Tateyama,JP,2020-08-17 07:50:59,34.98,139.87,89.6,79,75,11.41
378,Mustvee,EE,2020-08-17 07:50:59,58.85,26.94,66.99,77,20,8.05
379,Raymond,US,2020-08-17 07:50:59,43.9,-70.47,60.01,93,99,4.54
380,Itaituba,BR,2020-08-17 07:50:59,-4.28,-55.98,72.12,59,36,1.19
381,Kropotkin,RU,2020-08-17 07:44:03,45.44,40.58,78.33,29,0,5.59
382,Haines Junction,CA,2020-08-17 07:44:45,60.75,-137.51,46.17,85,99,3.0
383,Ilhabela,BR,2020-08-17 07:44:10,-23.78,-45.36,68.45,87,100,3.96
384,Casper,US,2020-08-17 07:51:00,42.87,-106.31,68.0,38,1,5.82
385,Camocim,BR,2020-08-17 07:51:01,-2.9,-40.84,74.95,81,100,15.73
386,Beroroha,MG,2020-08-17 07:51:01,-21.67,45.17,88.99,23,0,2.89
387,Batagay-Alyta,RU,2020-08-17 07:51:01,67.8,130.41,52.52,47,71,5.57
388,Rath,IN,2020-08-17 07:51:02,25.58,79.57,94.44,53,100,6.51
389,Talnakh,RU,2020-08-17 07:43:54,69.49,88.4,73.4,38,52,13.42
390,Bilma,NE,2020-08-17 07:51:02,18.69,12.92,94.75,35,59,7.34
391,Ambon,ID,2020-08-17 07:51:02,-3.7,128.18,79.56,78,85,16.62
392,Nanakuli,US,2020-08-17 07:51:02,21.39,-158.15,80.6,65,1,3.36
393,Faya,SA,2020-08-17 07:45:15,18.39,42.45,82.4,28,3,11.41
394,Inca,ES,2020-08-17 07:51:03,39.72,2.91,82.0,74,20,2.24
395,Doha,QA,2020-08-17 07:51:01,25.29,51.53,109.99,22,64,17.22
396,Maine-Soroa,NE,2020-08-17 07:51:03,13.21,12.02,84.72,61,93,12.03
397,Belaya Gora,RU,2020-08-17 07:51:03,68.53,146.42,46.81,70,100,10.98
398,Puerto Penasco,MX,2020-08-17 07:51:04,31.32,-113.53,90.0,74,88,7.0
399,Sawakin,SD,2020-08-17 07:51:04,19.11,37.33,102.96,26,28,2.08
400,Dudinka,RU,2020-08-17 07:51:04,69.41,86.18,73.4,38,91,13.42
401,Xining,CN,2020-08-17 07:51:05,36.62,101.77,66.83,38,100,8.14
402,Callaway,US,2020-08-17 07:51:06,30.15,-85.57,79.0,90,0,3.49
403,Bushehr,IR,2020-08-17 07:51:06,28.97,50.84,96.8,47,0,13.87
404,Matara,LK,2020-08-17 07:51:06,5.95,80.54,87.03,64,1,14.43
405,Buala,SB,2020-08-17 07:51:07,-8.14,159.59,81.63,76,47,2.59
406,Dalvik,IS,2020-08-17 07:45:51,65.97,-18.53,46.4,93,76,0.49
407,Bayir,TR,2020-08-17 07:51:07,37.27,28.22,86.0,33,0,6.93
408,Conceicao Da Barra,BR,2020-08-17 07:51:07,-18.59,-39.73,71.76,92,56,5.75
409,Chapais,CA,2020-08-17 07:45:46,49.78,-74.85,62.6,93,90,5.82
410,Grand Gaube,MU,2020-08-17 07:45:30,-20.01,57.66,77.0,63,29,8.99
411,Qaqortoq,GL,2020-08-17 07:44:56,60.72,-46.03,44.6,65,40,4.7
412,Bako,ET,2020-08-17 07:51:08,5.78,36.57,76.05,63,5,1.66
413,Beloha,MG,2020-08-17 07:44:48,-25.17,45.05,78.8,44,0,6.91
414,Hornepayne,CA,2020-08-17 07:51:09,49.21,-84.77,51.21,96,1,5.64
415,Keti Bandar,PK,2020-08-17 07:51:09,24.14,67.45,89.62,69,74,13.06
416,Vostok,RU,2020-08-17 07:44:53,46.49,135.88,67.93,67,41,7.34
417,Jalu,LY,2020-08-17 07:51:09,29.03,21.55,88.48,35,0,10.27
418,Ola,RU,2020-08-17 07:51:10,59.58,151.28,58.69,74,96,5.77
419,Harper,LR,2020-08-17 07:44:35,4.38,-7.72,75.07,72,100,5.14
420,Luwuk,ID,2020-08-17 07:51:10,-0.95,122.79,81.43,63,26,10.33
421,Klaksvik,FO,2020-08-17 07:43:55,62.23,-6.59,51.8,100,100,1.12
422,Dawlatabad,AF,2020-08-17 07:51:11,36.41,64.91,95.25,16,0,13.33
423,Dakar,SN,2020-08-17 07:51:11,14.69,-17.44,82.4,88,75,8.95
424,San Ignacio,BZ,2020-08-17 07:51:11,17.16,-89.07,75.99,84,87,1.01
425,Lapeer,US,2020-08-17 07:51:12,43.05,-83.32,60.01,100,1,4.45
426,Los Llanos De Aridane,ES,2020-08-17 07:45:24,28.66,-17.92,71.6,78,20,13.87
427,Zhicheng,CN,2020-08-17 07:51:12,30.3,111.5,90.0,57,0,12.46
428,Mount Vernon,US,2020-08-17 07:47:50,40.91,-73.84,69.8,68,40,5.82
429,Itanhaem,BR,2020-08-17 07:51:13,-24.18,-46.79,69.01,82,40,12.75
430,Morondava,MG,2020-08-17 07:51:13,-20.28,44.28,80.87,39,0,2.66
431,Marienburg,PL,2020-08-17 07:51:13,54.04,19.03,79.0,100,75,4.59
432,Deputatskiy,RU,2020-08-17 07:42:11,69.3,139.9,41.43,78,100,7.2
433,Vila Franca Do Campo,PT,2020-08-17 07:44:12,37.72,-25.43,73.4,83,20,16.11
434,Rio Grande,BR,2020-08-17 07:44:22,-32.03,-52.1,47.7,69,0,6.6
435,Alofi,NU,2020-08-17 07:43:57,-19.06,-169.92,71.6,68,78,16.11
436,Ahipara,NZ,2020-08-17 07:42:21,-35.17,173.17,54.12,79,96,13.85
437,Serebryansk,KZ,2020-08-17 07:51:15,49.69,83.29,82.4,26,75,6.71
438,Mareeba,AU,2020-08-17 07:44:21,-17.0,145.43,75.2,57,76,5.82
439,Raudeberg,NO,2020-08-17 07:51:15,61.99,5.14,66.99,83,89,4.85
440,Dobryanka,RU,2020-08-17 07:51:15,58.46,56.42,57.2,76,75,8.95
441,Veseloyarsk,RU,2020-08-17 07:51:16,51.28,81.11,84.29,18,97,6.6
442,Narrabri,AU,2020-08-17 07:47:22,-30.32,149.78,60.8,48,40,9.17
443,Kannur,IN,2020-08-17 07:51:16,11.87,75.36,82.4,88,75,14.99
444,Verkhnevilyuysk,RU,2020-08-17 07:51:17,63.45,120.32,64.29,46,77,3.71
445,Bandrele,YT,2020-08-17 07:51:17,-12.91,45.19,82.4,61,40,12.75
446,Sarkikaraagac,TR,2020-08-17 07:51:17,38.08,31.37,74.28,32,0,4.99
447,Korla,CN,2020-08-17 07:44:38,41.76,86.15,89.1,14,85,1.97
448,Phalodi,IN,2020-08-17 07:51:18,27.13,72.37,100.42,38,95,3.22
449,Tilichiki,RU,2020-08-17 07:45:12,60.47,166.1,57.15,63,27,14.32
450,Puerto Maldonado,PE,2020-08-17 07:51:18,-12.6,-69.18,74.75,76,0,2.33
451,Nakuru,KE,2020-08-17 07:51:18,-0.28,36.07,69.3,65,93,7.83
452,Campoverde,PE,2020-08-17 07:51:19,-8.48,-74.81,74.62,78,26,1.95
453,Bubaque,GW,2020-08-17 07:44:47,11.28,-15.83,79.27,84,100,16.78
454,Uyuni,BO,2020-08-17 07:44:30,-20.46,-66.83,29.55,69,29,10.4
455,Kang,BW,2020-08-17 07:51:19,-23.68,22.79,68.47,22,0,13.15
456,Saint-Augustin,CA,2020-08-17 07:45:37,51.23,-58.65,57.7,61,0,4.85
457,Aykhal,RU,2020-08-17 07:45:06,66.0,111.5,69.8,30,23,8.95
458,Watertown,US,2020-08-17 07:51:21,42.37,-71.18,64.99,93,90,12.75
459,Dalhousie,IN,2020-08-17 07:51:21,32.53,75.98,72.39,98,87,5.21
460,Tianpeng,CN,2020-08-17 07:51:22,30.99,103.94,84.0,99,100,9.28
461,Muswellbrook,AU,2020-08-17 07:51:22,-32.27,150.9,60.01,36,0,8.99
462,Mathbaria,BD,2020-08-17 07:51:22,22.29,89.96,86.7,76,76,20.87
463,Rehnan,IR,2020-08-17 07:51:23,32.68,51.6,93.2,17,0,4.7
464,Stokmarknes,NO,2020-08-17 07:51:23,68.56,14.91,50.0,87,75,20.8
465,Humaita,BR,2020-08-17 07:51:23,-7.51,-63.02,78.33,49,39,3.2
466,Sorland,NO,2020-08-17 07:44:51,67.67,12.69,51.8,66,75,9.17
467,Prinos,GR,2020-08-17 07:51:24,40.75,24.58,77.0,50,20,10.29
468,Salinopolis,BR,2020-08-17 07:51:24,-0.61,-47.36,78.21,80,87,11.3
469,Mumbwa,ZM,2020-08-17 07:51:24,-14.98,27.06,80.35,16,0,9.86
470,Carauari,BR,2020-08-17 07:51:25,-4.88,-66.9,73.92,84,74,1.79
471,Starobaltachevo,RU,2020-08-17 07:51:25,56.0,55.92,53.87,86,94,11.25
472,Yeppoon,AU,2020-08-17 07:51:25,-23.13,150.73,73.4,25,0,5.82
473,Meulaboh,ID,2020-08-17 07:51:25,4.14,96.13,85.05,63,0,7.18
474,Laguna,US,2020-08-17 07:43:59,38.42,-121.42,84.0,58,1,5.82
475,Grindavik,IS,2020-08-17 07:44:15,63.84,-22.43,55.4,87,75,6.93
476,Carutapera,BR,2020-08-17 07:51:26,-1.2,-46.02,75.87,82,98,7.2
477,Vanavara,RU,2020-08-17 07:51:26,60.34,102.28,70.0,29,0,8.14
478,Saint-Marc,HT,2020-08-17 07:51:27,19.11,-72.69,79.81,78,2,3.6
479,Margate,GB,2020-08-17 07:47:20,51.38,1.39,68.0,95,56,1.01
480,Tessalit,ML,2020-08-17 07:51:28,20.2,1.01,90.05,40,53,10.98
481,Saint-Joseph,RE,2020-08-17 07:51:28,-21.37,55.62,77.0,53,22,6.93
482,Eirunepe,BR,2020-08-17 07:45:44,-6.66,-69.87,73.42,89,100,1.14
483,El Alto,PE,2020-08-17 07:51:28,-4.27,-81.21,62.13,83,81,11.74
484,Namtsy,RU,2020-08-17 07:51:29,62.72,129.67,62.6,42,40,6.71
485,Touros,BR,2020-08-17 07:45:37,-5.2,-35.46,69.8,100,20,4.7
486,Portland,US,2020-08-17 07:43:48,45.52,-122.68,77.0,50,1,3.36
487,Tuatapere,NZ,2020-08-17 07:42:17,-46.13,167.68,41.0,89,89,1.01
488,Faanui,PF,2020-08-17 07:45:01,-16.48,-151.75,77.77,74,9,11.7
489,Monte Carmelo,BR,2020-08-17 07:51:30,-18.72,-47.5,63.3,58,0,4.12
490,Mezhdurechenskiy,RU,2020-08-17 07:51:31,59.6,65.93,67.23,60,100,12.15
491,Paseh,ID,2020-08-17 07:51:31,-7.1,107.76,83.23,49,3,5.44
492,Zyryanka,RU,2020-08-17 07:51:31,65.75,150.85,55.44,40,40,2.46
493,Neustadt,DE,2020-08-17 07:51:31,49.71,12.09,73.99,100,1,4.29
494,Olga,RU,2020-08-17 07:51:32,43.74,135.29,77.38,67,100,5.12
495,Pangnirtung,CA,2020-08-17 07:45:18,66.15,-65.71,47.53,79,36,1.88
496,Stromness,GB,2020-08-17 07:51:32,58.97,-3.3,57.2,100,75,10.29
497,Cortez,US,2020-08-17 07:51:33,37.35,-108.59,68.0,31,1,3.36
498,Halifax,CA,2020-08-17 07:51:33,44.65,-63.57,64.0,75,100,4.54
499,Poyarkovo,RU,2020-08-17 07:51:33,49.6,128.68,65.79,81,100,7.58
500,Chapada Dos Guimaraes,BR,2020-08-17 07:51:34,-15.46,-55.75,75.2,64,39,4.7
501,Aksarka,RU,2020-08-17 07:51:34,66.56,67.8,52.57,59,100,3.4
502,Veere,NL,2020-08-17 07:51:35,51.55,3.67,71.01,88,95,6.93
503,Waingapu,ID,2020-08-17 07:43:50,-9.66,120.26,84.52,54,0,16.6
504,Guadalupe,MX,2020-08-17 07:49:35,25.68,-100.25,77.0,83,5,8.05
505,Svetlogorsk,BY,2020-08-17 07:51:36,52.63,29.73,76.01,61,0,6.49
506,Chokwe,MZ,2020-08-17 07:51:36,-24.53,32.98,66.85,68,100,10.49
507,Tolaga Bay,NZ,2020-08-17 07:51:37,-38.37,178.3,45.72,79,0,3.89
508,Shasta Lake,US,2020-08-17 07:51:37,40.68,-122.37,80.01,45,92,4.45
509,Ngaoundere,CM,2020-08-17 07:44:31,7.32,13.58,66.22,97,100,2.86
510,Hofn,IS,2020-08-17 07:44:41,64.25,-15.21,53.6,90,99,1.86
511,Inirida,CO,2020-08-17 07:51:38,3.87,-67.92,72.77,98,99,2.24
512,Bud,US,2020-08-17 07:51:38,39.45,-86.18,66.0,93,1,5.23
513,Miraflores,MX,2020-08-17 07:51:38,19.22,-98.81,60.8,72,5,5.82
514,Ocos,GT,2020-08-17 07:51:38,14.51,-92.19,78.13,85,97,6.49
515,Strezhevoy,RU,2020-08-17 07:51:38,60.73,77.59,60.8,67,75,8.95
516,Tocopilla,CL,2020-08-17 07:51:39,-22.09,-70.2,55.38,63,98,4.23
517,Myra,IT,2020-08-17 07:51:39,45.44,12.13,80.01,88,93,5.82
518,Shubarshi,KZ,2020-08-17 07:51:40,48.59,57.19,66.99,49,48,20.56
519,Comodoro Rivadavia,AR,2020-08-17 07:44:45,-45.87,-67.5,44.6,52,27,28.86
520,Viedma,AR,2020-08-17 07:42:26,-40.81,-63.0,39.33,68,0,9.06
521,Torata,PE,2020-08-17 07:51:40,-17.08,-70.84,46.94,50,0,2.13
522,Port Keats,AU,2020-08-17 07:51:40,-14.25,129.55,81.0,69,10,9.95
523,San Joaquin,VE,2020-08-17 07:51:41,10.26,-67.79,73.09,89,100,3.31
524,Wladyslawowo,PL,2020-08-17 07:51:41,54.79,18.4,80.01,39,0,3.36
525,College,US,2020-08-17 07:44:41,64.86,-147.8,57.2,62,20,6.31
526,Corinto,GR,2020-08-17 07:51:41,37.94,22.96,82.99,47,0,5.99
527,Skagen,DK,2020-08-17 07:51:42,57.72,10.58,69.8,83,100,2.24
528,Hue,VN,2020-08-17 07:51:42,16.47,107.6,89.6,66,40,13.87
529,Malanje,AO,2020-08-17 07:51:43,-9.54,16.34,74.25,49,53,6.06
530,Carmo Do Rio Verde,BR,2020-08-17 07:51:43,-15.35,-49.71,67.26,46,2,3.02
531,Dom Pedrito,BR,2020-08-17 07:51:43,-30.98,-54.67,41.32,76,0,0.2
532,Anchorage,US,2020-08-17 07:49:31,61.22,-149.9,66.2,55,20,5.97
533,Saint Ann,US,2020-08-17 07:51:44,38.73,-90.38,72.0,78,75,4.7
534,Bar,UA,2020-08-17 07:51:44,49.08,27.68,77.0,33,0,4.0
535,Dicabisagan,PH,2020-08-17 07:51:45,17.08,122.42,80.4,83,100,1.99
536,Jizan,SA,2020-08-17 07:51:45,17.33,42.67,95.0,67,9,9.17
537,Mata,PT,2020-08-17 07:51:45,40.68,-7.46,66.0,81,90,7.0
538,Paita,PE,2020-08-17 07:51:46,-5.09,-81.11,61.02,87,61,9.78
539,Marsa Matruh,EG,2020-08-17 07:51:46,31.35,27.25,82.4,69,0,11.41
540,Boa Vista,BR,2020-08-17 07:51:46,2.82,-60.67,77.0,88,75,3.36
541,Sobolevo,RU,2020-08-17 07:51:47,54.43,31.9,72.73,68,0,9.44
542,Benghazi,LY,2020-08-17 07:45:33,32.12,20.07,84.29,62,0,11.34
543,Chaiya,TH,2020-08-17 07:51:47,9.39,99.2,93.2,59,20,9.17
544,San Pedro De Macoris,DO,2020-08-17 07:51:48,18.46,-69.3,80.01,87,55,5.64
545,Pitimbu,BR,2020-08-17 07:44:26,-7.47,-34.81,71.6,94,40,6.93
546,Bogorodskoye,RU,2020-08-17 07:51:48,56.55,37.88,65.79,61,0,10.47
547,Kalamare,BW,2020-08-17 07:51:49,-22.93,26.57,61.99,60,4,21.92
548,Shingu,JP,2020-08-17 07:51:49,33.73,135.98,91.4,63,40,4.7
549,Lingdong,CN,2020-08-17 07:51:49,46.57,131.15,76.42,67,43,3.98
550,Inhambane,MZ,2020-08-17 07:51:50,-23.86,35.38,75.2,60,75,20.8
551,Modra,SK,2020-08-17 07:51:50,48.33,17.31,73.0,78,75,8.05
552,Show Low,US,2020-08-17 07:45:14,34.25,-110.03,75.2,31,20,13.87
553,Sulangan,PH,2020-08-17 07:51:51,11.14,123.72,85.08,66,97,1.52
554,Vanimo,PG,2020-08-17 07:44:59,-2.67,141.3,82.83,74,14,7.18
555,Mogapi,BW,2020-08-17 07:51:51,-22.32,27.83,62.6,72,75,9.17
556,Newport,GB,2020-08-17 07:40:49,51.59,-3.0,64.0,98,100,2.93
557,Sao Francisco,BR,2020-08-17 07:51:51,-15.95,-44.86,68.76,69,0,7.56
558,Gushikawa,JP,2020-08-17 07:51:52,26.35,127.87,91.4,55,40,11.41
559,Sikasso,ML,2020-08-17 07:51:52,10.92,-7.0,74.25,90,70,7.31
560,Genhe,CN,2020-08-17 07:51:53,50.78,121.52,61.61,91,100,4.29
561,Zaoyang,CN,2020-08-17 07:51:53,32.13,112.75,92.59,60,4,10.89
562,Havre-Saint-Pierre,CA,2020-08-17 07:51:53,50.23,-63.6,50.0,93,1,5.82
563,Teya,RU,2020-08-17 07:51:53,60.38,92.63,68.41,34,100,6.67
564,Jieshi,CN,2020-08-17 07:51:54,22.81,115.83,85.26,72,68,12.17
565,Hervey Bay,AU,2020-08-17 07:42:42,-25.3,152.85,68.0,45,0,9.17
566,Harnosand,SE,2020-08-17 07:51:54,62.63,17.94,62.01,58,0,5.82
567,Katunino,RU,2020-08-17 07:51:54,64.39,40.63,59.0,67,75,11.18
568,Bose,IT,2020-08-17 07:51:55,45.46,8.01,75.0,72,100,1.79
569,Lata,PT,2020-08-17 07:45:08,40.16,-8.33,70.0,93,68,1.01
570,Sainte-Claire,CA,2020-08-17 07:51:55,46.6,-70.86,66.0,89,6,4.41
